退,9.0,9.0,0.0
茅苍术,180.0,6.0,174.0
金毛狗脊,60.0,6.0,54.0
制赤首乌,4.5,4.5,0.0
苍耳根,30.0,30.0,0.0
土槿皮,60.0,9.0,51.0
原蚕沙,7.5,7.5,0.0
羚羊角屑,60.0,1.0,59.0
蛜?虫旁加祁,0.9,0.9,0.0
山栀,120.0,0.6,119.4
菟丝子,12500.0,15.0,12485.0
川马钱子,60.0,60.0,0.0
姜半夏,25.0,25.0,0.0
柳桂,30.0,30.0,0.0
茯苓,50000.0,1.0,49999.0
西河柳,1.5,1.5,0.0
紫苏茎叶,30.0,30.0,0.0
苏木,30.0,0.6,29.4
鹅梨,10.0,10.0,0.0
没食子,30.0,30.0,0.0
续断,210.0,1.8,208.2
防风梢,3.0,3.0,0.0
生铁落,30.0,30.0,0.0
礞石,30.0,6.0,24.0
藁本,120.0,0.9,119.1
猪苓,60.0,0.9,59.1
香油,10000.0,250.0,9750.0
法夏,6.0,6.0,0.0
桑寄生,600.0,1.8,598.2
轻粉,30.0,0.3,29.7
元明粉,9.0,6.0,3.0
白豆蔻仁,1.5,1.5,0.0
大川芎,1.0,1.0,0.0
蔓菁子,120.0,120.0,0.0
赤药,9.0,9.0,0.0
生栀子,1000.0,75.0,925.0
旋复花,1500.0,15.0,1485.0
菥？（草头下面冥）子,22.5,22.5,0.0
桑叶,125.0,3.0,122.0
大枣肉,60.0,60.0,0.0
芦根,160.0,160.0,0.0
白附子,150.0,0.9,149.1
沙参,45.0,17.5,27.5
石楠藤,15.0,15.0,0.0
净食盐,360.0,360.0,0.0
甘竹叶,6.0,6.0,0.0
酒防己,3.0,3.0,0.0
穿山甲,300.0,1.8,298.2
细墨,9.0,9.0,0.0
酒汉防己,30.0,0.9,29.1
草红花,15.0,15.0,0.0
白药,9.0,9.0,0.0
鲜荷叶,30.0,30.0,0.0
王孙,15.0,15.0,0.0
炒砂仁,90.0,90.0,0.0
王不留行,9.0,9.0,0.0
杜红花,1.5,1.5,0.0
块明矾,90.0,90.0,0.0
金归,45.0,45.0,0.0
淡附子,60.0,60.0,0.0
荜茇,90.0,15.0,75.0
石膏末,15.0,15.0,0.0
赤小豆,5000.0,15.0,4985.0
蔓荆子炭,30000.0,30000.0,0.0
萤火虫,100.0,100.0,0.0
蒺藜,12500.0,1.5,12498.5
大麻仁,90.0,30.0,60.0
黑附子,30.0,0.9,29.1
川羌活,60.0,1.2,58.8
华阳细辛,15.0,15.0,0.0
地榆,60.0,3.0,57.0
松节,60.0,12.0,48.0
新升麻,12.0,12.0,0.0
新柳枝,3.0,3.0,0.0
石斛,12500.0,3.0,12497.0
干熟地黄,30.0,30.0,0.0
赤箭,60.0,15.0,45.0
苦地丁,200.0,200.0,0.0
生甘草,90.0,0.6,89.4
木贼草,1500.0,2.0,1498.0
独活根,4.5,4.5,0.0
羯羊肝,1.0,1.0,0.0
夏枯草,30.0,9.0,21.0
青藤,60.0,0.3,59.7
甘杞子,30.0,30.0,0.0
柳枝1握,30.0,30.0,0.0
白花蛇肉,60.0,4.5,55.5
羊肉,100.0,100.0,0.0
犀牛黄,7.5,7.5,0.0
白胶香,30.0,6.0,24.0
片子姜黄,60.0,60.0,0.0
谷精草,30.0,1.8,28.2
零陵香,90.0,6.0,84.0
槐角,120.0,15.0,105.0
制苍术,21.0,15.0,6.0
枣肉,120.0,120.0,0.0
牡丹皮,150.0,0.9,149.1
广姜黄,2.1,2.1,0.0
金钗草,30.0,30.0,0.0
大戟,90.0,15.0,75.0
鸡肠草,12.0,12.0,0.0
皂荚芽,500.0,500.0,0.0
丹参,90.0,0.9,89.1
缩砂,60.0,60.0,0.0
生姜皮,3.0,3.0,0.0
生蔻仁,60.0,60.0,0.0
水银,37.5,37.5,0.0
花蛇肉,7.5,3.0,4.5
川朴硝,30.0,30.0,0.0
淡全虫,60.0,60.0,0.0
全蝎荜茇,12.0,12.0,0.0
小茵陈,3.0,3.0,0.0
淡竹叶,3000.0,1.0,2999.0
台麝香,1.5,1.5,0.0
光杏仁,9.0,9.0,0.0
陈茶叶,3000.0,3000.0,0.0
穿山甲片,9.0,9.0,0.0
川山甲,15.0,2.4,12.6
白芷梢,30.0,9.0,21.0
龙脑薄荷叶,2250.0,2250.0,0.0
大腹皮,90.0,1.5,88.5
甜瓜子,15.0,15.0,0.0
茺蔚子,60.0,3.0,57.0
香白花,45.0,45.0,0.0
白前,6.0,6.0,0.0
麻子,30.0,30.0,0.0
角刺,3.0,3.0,0.0
香白芷,120.0,0.6,119.4
生桃仁,4.5,4.5,0.0
生猪脂,1500.0,1500.0,0.0
防风,12500.0,0.3,12499.7
常山,30.0,30.0,0.0
曾青,120.0,120.0,0.0
藿香荆芥,7.5,7.5,0.0
钓藤,15.0,15.0,0.0
羊肾脂,900.0,60.0,840.0
甘草梢,3.0,1.5,1.5
酸枣仁,60.0,2.4,57.6
淡豆豉,9.0,6.0,3.0
小茴香,500.0,9.0,491.0
蓬术,30.0,30.0,0.0
桂皮,15.0,15.0,0.0
大风子肉,500.0,180.0,320.0
真天竺黄,90.0,90.0,0.0
冬瓜仁,120.0,120.0,0.0
香附子,240.0,1.5,238.5
盐梅,50.0,50.0,0.0
薄荷,1500.0,0.6,1499.4
芥穗,120.0,15.0,105.0
真珠,15.0,15.0,0.0
独活,150.0,0.9,149.1
明没药,6.0,6.0,0.0
白及,90.0,3.0,87.0
露蜂房,30.0,7.5,22.5
地骨皮,90.0,2.4,87.6
甘遂,60.0,6.0,54.0
麝香,120.0,0.3,119.7
炒乌药,90.0,90.0,0.0
活贯众,60.0,60.0,0.0
蛇蜕皮,45.0,15.0,30.0
苍耳,120.0,9.0,111.0
槐胶,45.0,45.0,0.0
鬼箭,30.0,30.0,0.0
茴香子,30.0,30.0,0.0
南木香,6.0,3.0,3.0
羊脂,15.0,15.0,0.0
生乌犀,15.0,15.0,0.0
红豆,2.0,2.0,0.0
陈红茶,240.0,240.0,0.0
鹅不食草,90.0,90.0,0.0
苦桔梗,9.0,3.0,6.0
赤土,75.0,15.0,60.0
皮消,15.0,15.0,0.0
桂心,120.0,1.2,118.8
白茅根,15.0,15.0,0.0
蔓荆子,2500.0,0.9,2499.1
覆盆子,60.0,15.0,45.0
云母粉,45.0,30.0,15.0
萆薢,600.0,0.9,599.1
炙甘草,90.0,0.9,89.1
净全蝎,7.5,7.5,0.0
川姜,7.5,7.5,0.0
蒙花,15000.0,125.0,14875.0
糯米,30.0,30.0,0.0
大茄根,120.0,120.0,0.0
当归尾,60.0,1.2,58.8
瓜蒌仁,6.0,3.0,3.0
香薷,90.0,30.0,60.0
尾,30.0,30.0,0.0
辛荑,90.0,60.0,30.0
草龙胆,180.0,12.0,168.0
皂角刺,30.0,1.5,28.5
皂荚子,10.0,1.2,8.8
川贝,90.0,6.0,84.0
茼子,15.0,15.0,0.0
归尾,45.0,1.5,43.5
牙皂,120.0,3.0,117.0
马钱子,1240.0,0.9,1239.1
头发,30.0,30.0,0.0
白僵蚕,90.0,0.9,89.1
鲜葱白,4.0,4.0,0.0
山楂,500.0,3.0,497.0
茅香,15.0,6.0,9.0
吴白芷,30.0,15.0,15.0
天南星,90.0,1.0,89.0
韭菜,2.0,2.0,0.0
鹅脂,900.0,30.0,870.0
地风,90.0,90.0,0.0
生杭芍,6.0,6.0,0.0
五月雄小乌豆,15.0,15.0,0.0
建神曲,1200.0,1200.0,0.0
银环蛇,5.0,5.0,0.0
川续断,120.0,3.0,117.0
革薜,30.0,30.0,0.0
当归,30000.0,0.9,29999.1
粉甘草,60.0,60.0,0.0
白鲜皮,180.0,1.5,178.5
玄胡,90.0,90.0,0.0
薏似仁,60.0,60.0,0.0
草乌头,210.0,4.5,205.5
鲤鱼胆,7.0,5.0,2.0
二蚕沙,15.0,15.0,0.0
鸡子壳,6.0,6.0,0.0
威灵仙,2500.0,1.5,2498.5
黄荆子,9.0,9.0,0.0
炒枳壳,3.0,3.0,0.0
射干,1000.0,2.1,997.9
五味子,12500.0,0.6,12499.4
白檀香,30.0,30.0,0.0
延胡,21.0,21.0,0.0
白芷,15000.0,0.3,14999.7
骨碎补,300.0,6.0,294.0
全蝉蜕,12.0,12.0,0.0
干金子,15.0,15.0,0.0
旋覆花,500.0,1.5,498.5
大枫子,600.0,15.0,585.0
晚蚕沙,120.0,45.0,75.0
制僵蚕,10.0,10.0,0.0
生川乌,21.0,21.0,0.0
川贝母,45.0,6.0,39.0
泽兰叶,12.0,1.5,10.5
补骨脂,90.0,0.9,89.1
胆草,1000.0,3.0,997.0
薏米仁,120.0,6.0,114.0
枯矾,15.0,3.0,12.0
五灵脂,75.0,1.5,73.5
丁香,90.0,3.0,87.0
绿豆皮,9.0,9.0,0.0
橘梗,6.0,6.0,0.0
茯苓片,240.0,240.0,0.0
牵牛子,250.0,12.0,238.0
独支当归,12.0,12.0,0.0
皂荚10挺,60.0,60.0,0.0
赤芍,1500.0,0.3,1499.7
银箔,70.0,50.0,20.0
藿香,600.0,1.5,598.5
白扁豆,75.0,60.0,15.0
熟大梅,100.0,100.0,0.0
山栀子,360.0,3.0,357.0
白豆蔻,60.0,0.6,59.4
菜花蛇蜕,15.0,15.0,0.0
翻白草,3.0,3.0,0.0
淫羊藿,120.0,0.9,119.1
麻仁,300.0,3.0,297.0
白檀,3.0,3.0,0.0
麻黄,600.0,0.6,599.4
白芍,310.0,1.5,308.5
真石乳,15.0,15.0,0.0
黍粘,3.0,3.0,0.0
香橼,30.0,30.0,0.0
川楝子,5000.0,30.0,4970.0
灵仙,75.0,6.0,69.0
透骨草,45.0,9.0,36.0
扁豆,150.0,4.5,145.5
豉,30.0,30.0,0.0
嘉蚕,45.0,45.0,0.0
冬桑叶,9.0,9.0,0.0
青蒿,30.0,30.0,0.0
新罗禹白附,30.0,30.0,0.0
麝香少许,3.0,3.0,0.0
银花,120.0,1.5,118.5
胆矾,9.0,0.09,8.91
麒麟竭,30.0,30.0,0.0
胡粉,120.0,120.0,0.0
桂枝,310.0,0.9,309.1
大青叶,3000.0,9.0,2991.0
蒴藋根,60.0,60.0,0.0
山茱萸,90.0,0.6,89.4
蔓荆实,90.0,0.9,89.1
生黄芩,1.5,1.5,0.0
生黄芪,310.0,4.5,305.5
杜仲,210.0,2.5,207.5
广郁金,15.0,6.0,9.0
黍粘子,3.0,3.0,0.0
黄芩,3000.0,0.75,2999.25
东珍珠,6.0,6.0,0.0
旱莲草,20.0,20.0,0.0
天虫,30.0,30.0,0.0
杏仁,250.0,1.5,248.5
车前,30.0,30.0,0.0
百合,60.0,3.0,57.0
牛蒡,4.5,2.4,2.1
大青梅,20.0,20.0,0.0
羊子肝,120.0,120.0,0.0
龙齿,60.0,3.0,57.0
紫荆皮,60.0,6.0,54.0
仙遗粮,120.0,120.0,0.0
蚕砂,60.0,60.0,0.0
炮穿山甲,12.0,12.0,0.0
鹿角灰,6.0,6.0,0.0
鲜生姜,3.0,3.0,0.0
铜绿,15.0,0.3,14.7
远志肉,6.0,6.0,0.0
青防风,60.0,6.0,54.0
乳香,500.0,1.5,498.5
甘草,12500.0,0.3,12499.7
竹节香附,600.0,15.0,585.0
斑鸠,1.0,1.0,0.0
皂荚子仁,50.0,50.0,0.0
黑牵牛,120.0,24.0,96.0
青藤根,30.0,30.0,0.0
艾叶,62.0,3.0,59.0
神曲末,0.6,0.6,0.0
川附,60.0,60.0,0.0
蔓青子,15.0,15.0,0.0
清风藤,21.0,21.0,0.0
贝母蒺藜子,7.5,7.5,0.0
草果仁,30.0,30.0,0.0
淡黄芩,24.0,24.0,0.0
川乌,150.0,1.0,149.0
风仙透骨草,125.0,125.0,0.0
草节,1.5,1.5,0.0
芙蓉叶,30.0,30.0,0.0
白牵牛,90.0,3.0,87.0
草果,120.0,120.0,0.0
法制半夏,9.0,9.0,0.0
槐子,45.0,22.5,22.5
狼毒,30.0,30.0,0.0
紫花地丁,180.0,12.0,168.0
川乌头,1200.0,9.0,1191.0
地龙肉,150.0,150.0,0.0
缩砂仁,60.0,60.0,0.0
东牛黄,1.5,1.5,0.0
萆麻,15.0,15.0,0.0
血琥珀,9.0,9.0,0.0
羌活五味子,6.0,6.0,0.0
怀生地,3.0,3.0,0.0
炒白芍,60.0,3.0,57.0
柏枝,120.0,90.0,30.0
椿根皮,30.0,30.0,0.0
制半夏,60.0,9.0,51.0
茺蔚,30.0,30.0,0.0
蓖麻子,30.0,30.0,0.0
巴豆,30.0,7.5,22.5
猪牙皂荚,45.0,3.0,42.0
贯仲,60.0,6.0,54.0
山奈,3.0,3.0,0.0
柴胡,1500.0,0.6,1499.4
钟乳粉,120.0,15.0,105.0
桑根白皮,90.0,22.5,67.5
前胡,500.0,0.75,499.25
斑蝥,3.0,3.0,0.0
麻子仁,1.5,1.5,0.0
岗稔根,30.0,30.0,0.0
蛇含石,24.0,24.0,0.0
酒黄连,13.5,9.0,4.5
玄参,3000.0,1.5,2998.5
秦艽,120.0,0.9,119.1
鲜萆麻,240.0,240.0,0.0
怀牛膝,18.0,6.0,12.0
大枫肉,1000.0,90.0,910.0
椿皮,90.0,90.0,0.0
井泉石,30.0,15.0,15.0
半夏,135.0,0.3,134.7
明党参,9.0,9.0,0.0
柴胡羌活,4.5,4.5,0.0
陈皮葛根,60.0,60.0,0.0
山栀炭,60.0,60.0,0.0
酒黄柏,30.0,2.1,27.9
京三,0.6,0.6,0.0
钩藤,75.0,0.0,75.0
广木香,90.0,6.0,84.0
豨莶草,120.0,6.0,114.0
蒴藿叶,60.0,60.0,0.0
兔肝,60.0,1.0,59.0
全虫,120.0,120.0,0.0
原蚕蛾,30.0,30.0,0.0
樟丹,9.0,9.0,0.0
茱萸,15.0,15.0,0.0
鲜生地,120.0,6.0,114.0
茜根,22.5,22.5,0.0
母丁香,300.0,30.0,270.0
炙乳香,9.0,9.0,0.0
石决明,90.0,1.8,88.2
苦杏仁,12500.0,80.0,12420.0
茯苓炙甘草,120.0,120.0,0.0
杏仁炭,250.0,250.0,0.0
乌喙,60.0,37.5,22.5
生地黄,12800.0,0.9,12799.1
蛇黄,30.0,30.0,0.0
牛蒡子,3000.0,0.9,2999.1
鲜薄荷,240.0,240.0,0.0
蒺藜子,180.0,15.0,165.0
柳枝,30.0,7.0,23.0
蛜？,7.5,7.5,0.0
紫草,120.0,15.0,105.0
水粉,120.0,120.0,0.0
苦李根皮,90.0,90.0,0.0
樟脑,3.0,3.0,0.0
全虫梢,27.0,27.0,0.0
川萆薢,60.0,6.0,54.0
真阿胶,12.0,12.0,0.0
真花椒,500.0,500.0,0.0
桃枝,30.0,30.0,0.0
川大黄,90.0,7.5,82.5
松香,60.0,15.0,45.0
芥子,30.0,30.0,0.0
石菖蒲,60.0,1.8,58.2
山楂炭,120.0,120.0,0.0
附子,150.0,0.0,150.0
白硼砂,6.0,6.0,0.0
川干姜,15.0,15.0,0.0
真五加皮,30.0,30.0,0.0
腹皮,30.0,30.0,0.0
槐芽,500.0,500.0,0.0
马髻膏,30.0,30.0,0.0
干生地,500.0,500.0,0.0
大麦芽面,3.0,0.9,2.1
生山栀,60.0,60.0,0.0
两头尖,120.0,3.0,117.0
大半夏,50.0,35.0,15.0
广陈皮,15.0,1.5,13.5
炒大黄,30.0,30.0,0.0
苏合香,60.0,60.0,0.0
制香附,15.0,4.5,10.5
荜澄茄,22.5,15.0,7.5
山楂肉,90.0,90.0,0.0
北前胡,7.5,7.5,0.0
蜂房,15.0,9.0,6.0
莽草,60.0,0.6,59.4
川附片,10.0,10.0,0.0
巴戟,90.0,15.0,75.0
甘草节,21.0,1.5,19.5
小茨菇,90.0,90.0,0.0
云茯苓,6.0,6.0,0.0
乌雌鸡肉,75.0,75.0,0.0
红枣,25.0,2.0,23.0
麦麸,4.5,4.5,0.0
定风草,30.0,30.0,0.0
黑豆,750.0,30.0,720.0
浙贝母,6.0,6.0,0.0
香附,300.0,3.0,297.0
没药,500.0,1.5,498.5
青风藤,90.0,21.0,69.0
白葵花,7.0,7.0,0.0
千年健,500.0,60.0,440.0
楮实子,15.0,15.0,0.0
鸡舌香,37.5,30.0,7.5
梅花冰片,7.5,7.5,0.0
辛夷,60.0,15.0,45.0
熊胆,3.0,3.0,0.0
多年陈小粉,120.0,120.0,0.0
焦术,3.0,3.0,0.0
当门子,9.0,9.0,0.0
槐米末,6.0,6.0,0.0
石蟹,15.0,1.0,14.0
木香,90.0,0.3,89.7
小生地,3.0,3.0,0.0
干菊花,30.0,30.0,0.0
青果,1.0,1.0,0.0
核桃,60.0,60.0,0.0
胡桃肉,25.0,25.0,0.0
槐实,30.0,30.0,0.0
垂柳枝,80.0,60.0,20.0
草豆蔻,600.0,10.0,590.0
荆芥穗,2500.0,0.6,2499.4
苦参,1000.0,1.5,998.5
胆南星,105.0,10.0,95.0
何首乌,2500.0,1.5,2498.5
白蜜,15.0,15.0,0.0
黑蛇,1.0,1.0,0.0
白石英,30.0,30.0,0.0
生白附子,9.0,9.0,0.0
赤脚蜈蚣,1.0,1.0,0.0
钗石斛,45.0,30.0,15.0
面蒲黄,90.0,90.0,0.0
橘叶,20.0,20.0,0.0
生磁石,1.0,1.0,0.0
苦参皮,500.0,180.0,320.0
青木香,60.0,15.0,45.0
白藓皮,3.0,3.0,0.0
干薄荷,120.0,120.0,0.0
杉枝,30.0,30.0,0.0
红枣肉,7.0,7.0,0.0
片脑,75.0,4.5,70.5
净连翘,6.0,6.0,0.0
僵蚕,300.0,0.3,299.7
芍药,400.0,0.75,399.25
白头翁,30.0,6.0,24.0
紫苏,45.0,2.4,42.6
芜荑仁,22.5,22.5,0.0
猪脂,2000.0,2000.0,0.0
溥荷叶,30.0,30.0,0.0
朴硝,15.0,15.0,0.0
络石藤,9.0,9.0,0.0
茵陈,30.0,12.0,18.0
独角仙,3.0,3.0,0.0
灯心灰,7.5,7.5,0.0
原麝香,1.5,1.5,0.0
肉桂,600.0,0.6,599.4
白茯苓桔梗,6.0,6.0,0.0
熊脂,30.0,30.0,0.0
核桃仁,120.0,120.0,0.0
蔷薇根,60.0,60.0,0.0
川花椒,3.0,3.0,0.0
莽草10叶,30.0,30.0,0.0
宣黄连,45.0,45.0,0.0
葶苈,30.0,30.0,0.0
麦冬,25000.0,1.5,24998.5
枯矾458,60.0,60.0,0.0
芦荟,15.0,1.5,13.5
官桂,210.0,1.5,208.5
栀子仁,90.0,6.0,84.0
大梅,2.5,2.5,0.0
铅丹,180.0,180.0,0.0
炮干姜,30.0,30.0,0.0
光草乌末,15.0,15.0,0.0
全蝎尾,75.0,75.0,0.0
大皂荚,150.0,6.0,144.0
天蓼木,30.0,30.0,0.0
馕？香子,15.0,15.0,0.0
土鳖虫,45.0,12.0,33.0
桂,90.0,7.5,82.5
砂仁,90.0,13.5,76.5
牵牛,30.0,15.0,15.0
挂心,30.0,30.0,0.0
生麻油,2.4,2.4,0.0
皂荚树根皮,30.0,30.0,0.0
细辛,300.0,0.3,299.7
干茄根,240.0,240.0,0.0
炮栀子,30.0,30.0,0.0
泽泻,1000.0,0.6,999.4
jiu黄芩,30.0,2.1,27.9
栀子,2000.0,1.2,1998.8
莪术,60.0,0.9,59.1
酥油,25.0,25.0,0.0
冰片,60.0,0.3,59.7
龟版,300.0,4.5,295.5
花粉,3000.0,1.8,2998.2
黄芪,5000.0,0.3,4999.7
米仁,150.0,1.5,148.5
净没药,1.5,1.5,0.0
追地风,60.0,60.0,0.0
紫苏叶,90.0,15.0,75.0
嫩桑枝,30.0,30.0,0.0
酒生地黄,15.0,6.0,9.0
熟黄芪,4.5,4.5,0.0
禹余粮,30.0,30.0,0.0
清麻油,1500.0,1500.0,0.0
樟胸,9.0,9.0,0.0
马钱子仁,30.0,21.0,9.0
降香,30.0,30.0,0.0
葛根,3000.0,1.0,2999.0
冬青叶,12.0,12.0,0.0
赤桂,15.0,15.0,0.0
龙胆草,120.0,1.5,118.5
苍耳子,250.0,0.3,249.7
紫石英,30.0,15.0,15.0
瓜蒌根,15.0,15.0,0.0
猪膏,2.4,2.4,0.0
清油,500.0,500.0,0.0
草决明,12500.0,1.8,12498.2
苍耳草,120.0,60.0,60.0
紫菀茸,3.0,3.0,0.0
石膏,1200.0,0.9,1199.1
芝麻,9.0,9.0,0.0
吴茱萸,50.0,3.0,47.0
牛胆星,6.0,6.0,0.0
山药,12500.0,2.4,12497.6
栝楼,9.0,1.0,8.0
蛇蜕,120.0,1.0,119.0
汉防己白术,15.0,15.0,0.0
肉苁蓉,12500.0,0.9,12499.1
鹿茸,90.0,22.5,67.5
薄菏,2.4,2.4,0.0
川连,60.0,0.9,59.1
蝉蜕,1500.0,1.2,1498.8
栀子花,90.0,90.0,0.0
陈醋,500.0,500.0,0.0
红粉,6.0,6.0,0.0
明朱砂,7.5,7.5,0.0
茯神,60.0,3.0,57.0
大枫子肉,120.0,120.0,0.0
车前子,1000.0,1.2,998.8
决明子,90.0,15.0,75.0
牛黄,75.0,1.5,73.5
使君子,45.0,45.0,0.0
千里光草,5000.0,5000.0,0.0
生石决明,15000.0,1000.0,14000.0
樟木子,30.0,30.0,0.0
青盐,120.0,15.0,105.0
煅石膏,7.5,7.5,0.0
青梅,20.0,20.0,0.0
当归身,30.0,0.9,29.1
川附子,300.0,3.0,297.0
全蛇蜕,1.0,1.0,0.0
木防己,12.0,3.0,9.0
磁石,60.0,30.0,30.0
青黛,300.0,2.4,297.6
杉木,60.0,60.0,0.0
百药煎,30.0,15.0,15.0
曲,30.0,30.0,0.0
鲜羊肝,10000.0,10000.0,0.0
柳皮,49.0,49.0,0.0
空青,45.0,45.0,0.0
豆蔻仁,300.0,300.0,0.0
白胡麻,12.0,12.0,0.0
绿豆粉,60.0,60.0,0.0
青化桂,6.0,6.0,0.0
虎骨,300.0,4.5,295.5
滑石,1200.0,0.9,1199.1
槐花,30.0,3.0,27.0
全蝎1对,15.0,15.0,0.0
乌梢蛇尾,2.0,2.0,0.0
乌梢蛇,120.0,1.0,119.0
蛇衔草,30.0,30.0,0.0
桃仁,120.0,1.5,118.5
白乳羊肝,1.0,1.0,0.0
薄桂,1.0,0.6,0.4
生龟版,30.0,30.0,0.0
地肤子,60.0,9.0,51.0
川断,120.0,6.0,114.0
密陀僧,30.0,3.0,27.0
山参,3.0,3.0,0.0
嫩松香,15.0,15.0,0.0
茶叶,60.0,60.0,0.0
蕲蛇肉,600.0,9.0,591.0
贯众,37.5,1.5,36.0
檀香根,6.0,6.0,0.0
青皮,300.0,0.9,299.1
胡麻子,30.0,15.0,15.0
钩尖,27.0,27.0,0.0
连翅,3.0,3.0,0.0
归身,60.0,4.5,55.5
腰黄朱砂,75.0,75.0,0.0
蒜头,2500.0,2500.0,0.0
真西珀,30.0,30.0,0.0
干蛤壳,7.5,7.5,0.0
山甲片,30.0,6.0,24.0
晚蚕蛾,30.0,7.5,22.5
北葶苈,30.0,30.0,0.0
蓉叶,30.0,30.0,0.0
真蕲艾,2000.0,2000.0,0.0
南青皮,15.0,15.0,0.0
樟木皮,30.0,30.0,0.0
西牛黄,3.0,3.0,0.0
秦皮,45.0,3.0,42.0
紫苏子,2.4,2.4,0.0
松脂,60.0,15.0,45.0
苏子,21.0,21.0,0.0
华阴细辛,7.5,7.5,0.0
伸筋草,6.0,6.0,0.0
丝瓜络,12.0,12.0,0.0
生蒜,2.0,2.0,0.0
淮乌,120.0,15.0,105.0
山豆根,300.0,1.5,298.5
紫参,30.0,15.0,15.0
甘枸杞,9.0,9.0,0.0
炒陈皮,45.0,45.0,0.0
明雄黄,18.0,3.0,15.0
楂肉,300.0,300.0,0.0
粉草,60.0,2.1,57.9
葛花,60.0,60.0,0.0
紫菀,30.0,15.0,15.0
白蜡,60.0,60.0,0.0
商陆,180.0,3.0,177.0
茵芋,30.0,15.0,15.0
赤茯苓,90.0,3.0,87.0
白术,500.0,0.3,499.7
龙骨,60.0,9.0,51.0
杏仁泥,9.0,9.0,0.0
乌贼骨,24.0,24.0,0.0
蚵蚾草,2500.0,15.0,2485.0
浮黄连,15.0,15.0,0.0
桑枝,90.0,30.0,60.0
龟甲,180.0,180.0,0.0
薏仁,90.0,2.4,87.6
熟地,600.0,4.5,595.5
黑栀,250.0,7.5,242.5
芍药升麻,15.0,15.0,0.0
鬼箭羽,22.5,22.5,0.0
当归头,3.0,3.0,0.0
九制豨莶草,50.0,50.0,0.0
天丁,30.0,30.0,0.0
大南星,25.0,25.0,0.0
山栀仁,2.4,2.4,0.0
金银花,480.0,0.3,479.7
荆子,3.0,3.0,0.0
蕲艾,9.0,9.0,0.0
木通,250.0,1.2,248.8
制杜仲,4.5,4.5,0.0
薄荷叶,500.0,3.0,497.0
草决明子,90.0,90.0,0.0
生石膏,25500.0,15.0,25485.0
川朴,450.0,3.0,447.0
竹沥,300.0,1.0,299.0
六轴子,30.0,30.0,0.0
石莲肉,75.0,75.0,0.0
大风子,600.0,15.0,585.0
制草乌,60.0,60.0,0.0
赤芍药,250.0,1.5,248.5
鲜红花,60.0,60.0,0.0
牛脂,30.0,30.0,0.0
姜黄,45.0,4.5,40.5
犀角尖,24.0,24.0,0.0
海石,30.0,30.0,0.0
炮附子,90.0,1.0,89.0
川乌头尖,3.0,3.0,0.0
鲜牛蒡子根叶梗,1500.0,1500.0,0.0
生铁,10000.0,10000.0,0.0
鹤虱,60.0,60.0,0.0
白菊花,60.0,15.0,45.0
炒栀子,3.0,3.0,0.0
鲜苍耳,240.0,240.0,0.0
青葱,240.0,2.0,238.0
麻黄根,60.0,1.5,58.5
广皮,180.0,6.0,174.0
虎胫骨,150.0,1.0,149.0
蒴藿根,90.0,90.0,0.0
人参,50000.0,0.9,49999.1
黄蜡,60.0,60.0,0.0
白杨皮,45.0,45.0,0.0
枯黄芩,120.0,120.0,0.0
川五灵脂,22.5,22.5,0.0
大黄,7680.0,1.0,7679.0
葶苈子,30.0,30.0,0.0
炒牛蒡子,9.0,6.0,3.0
胡芦巴,60.0,30.0,30.0
"乳
香",15.0,15.0,0.0
淮木通,3.0,3.0,0.0
牡荆子,60.0,30.0,30.0
踯躅花,60.0,3.0,57.0
道人头,45.0,30.0,15.0
地骨白皮,15.0,15.0,0.0
五味皮,45.0,45.0,0.0
黄柏,15000.0,0.6,14999.4
天麻,600.0,0.3,599.7
金铃子,30.0,30.0,0.0
通草,120.0,2.4,117.6
脑荷,15.0,3.0,12.0
生人中黄,6.0,6.0,0.0
乌药,7500.0,2.1,7497.9
九制大黄,1.2,1.2,0.0
干葛,90.0,1.8,88.2
黄连,12500.0,0.3,12499.7
枸杞,90.0,15.0,75.0
炙没药,9.0,9.0,0.0
昆布,30.0,0.6,29.4
天花粉,1000.0,1.5,998.5
活白凤仙梗,120.0,120.0,0.0
白茯苓,240.0,0.3,239.7
新罗人参,30.0,30.0,0.0
肥皂荚,7.0,1.0,6.0
炒僵蚕,9.0,9.0,0.0
玉竹,240.0,12.0,228.0
脑子,1.5,1.5,0.0
檀香,300.0,3.0,297.0
片黄芩,15.0,15.0,0.0
金箔,100.0,10.0,90.0
玄胡索,2.1,2.1,0.0
枳壳,12500.0,1.2,12498.8
墨,1.5,1.5,0.0
枸橘,1.0,1.0,0.0
土马钱子肉,15.0,15.0,0.0
山茶花,60.0,60.0,0.0
黄矾,7.5,7.5,0.0
苁蓉,90.0,30.0,60.0
牡荆实,22.5,22.5,0.0
黄明胶,15.0,15.0,0.0
上桂心,15.0,15.0,0.0
马齿苋,15.0,15.0,0.0
川牛膝,150.0,4.5,145.5
巴仁,12.0,12.0,0.0
蚌粉,30.0,30.0,0.0
藕节,3.0,3.0,0.0
炙草,60.0,1.0,59.0
白芍药,100.0,0.9,99.1
蓝实,45.0,15.0,30.0
铜青,9.0,9.0,0.0
浮萍,9.0,3.0,6.0
自然铜,300.0,15.0,285.0
漏芦,45.0,3.0,42.0
白矾,120.0,1.5,118.5
牛膝,12500.0,1.5,12498.5
胆星,120.0,1.5,118.5
刘寄奴,30.0,9.0,21.0
光乌,60.0,60.0,0.0
白花蛇,90.0,0.9,89.1
绿豆,49.0,49.0,0.0
片姜黄,75.0,75.0,0.0
油朴,15.0,15.0,0.0
羊髓,600.0,600.0,0.0
生葛汁,30.0,30.0,0.0
赤白苓,120.0,120.0,0.0
天浆子,21.0,7.0,14.0
小草,22.5,22.5,0.0
海螺蛸,6.0,6.0,0.0
通,30.0,30.0,0.0
真西牛黄,4.5,4.5,0.0
雄鼠粪,60.0,60.0,0.0
赤蜈蚣,1.0,1.0,0.0
嫩苏梗,15.0,15.0,0.0
蟾酥,3.0,3.0,0.0
生山甲,9.0,9.0,0.0
制白附子,10.0,10.0,0.0
炒柏,3.0,3.0,0.0
土荆皮,250.0,250.0,0.0
天雄,150.0,0.9,149.1
尖槟榔,15.0,15.0,0.0
草豆蔻仁,4.0,4.0,0.0
新草乌,15.0,15.0,0.0
茴香,5000.0,22.5,4977.5
川楝,4.5,4.5,0.0
木乳,30.0,30.0,0.0
煨草果,60.0,60.0,0.0
金钗石斛,120.0,15.0,105.0
灯心,100.0,100.0,0.0
百部,125.0,15.0,110.0
甘葛,2.4,2.4,0.0
蕲蛇,120.0,120.0,0.0
大枣,310.0,2.0,308.0
蜀水花,60.0,60.0,0.0
首乌,60.0,9.0,51.0
金银箔,50.0,50.0,0.0
菥蓂子,37.5,37.5,0.0
拣黄连,9.0,9.0,0.0
血竭,225.0,2.5,222.5
麝,4.0,4.0,0.0
三七,240.0,150.0,90.0
桑皮,3.0,2.4,0.6000000000000001
霹蜂房,6.0,6.0,0.0
柿霜,150.0,60.0,90.0
青龙齿,45.0,45.0,0.0
虎头骨,120.0,120.0,0.0
芜荑,15.0,15.0,0.0
石龙芮,30.0,30.0,0.0
太阴石,30.0,30.0,0.0
鲜菊叶,120.0,120.0,0.0
鸡苏叶,250.0,30.0,220.0
黑芝麻,9.0,9.0,0.0
楮实,45.0,3.0,42.0
"独
活",30.0,30.0,0.0
闹羊花根皮,45.0,45.0,0.0
丁香油,120.0,120.0,0.0
"麻
黄",600.0,600.0,0.0
法半夏,60.0,60.0,0.0
家菊花,25.0,25.0,0.0
水红花子,30.0,30.0,0.0
矾石,30.0,30.0,0.0
大胡麻,620.0,9.0,611.0
黑山栀,30.0,15.0,15.0
硫黄,6.0,6.0,0.0
生白术,45.0,45.0,0.0
蜂蜜,25.0,25.0,0.0
石斛草,30.0,30.0,0.0
棕灰,15.0,15.0,0.0
土茯苓kg,45.0,45.0,0.0
老白胶,22.5,22.5,0.0
苏梗,60.0,4.5,55.5
真酥油,250.0,250.0,0.0
柴胡梢,3.0,2.4,0.6000000000000001
jiu黄芩芩,6.0,6.0,0.0
苏叶,450.0,1.2,448.8
老鹳草,9.0,9.0,0.0
白丁香,24.0,24.0,0.0
赤石脂,60.0,22.5,37.5
川当归,100.0,15.0,85.0
竹叶,12.0,2.4,9.6
川厚朴,30.0,30.0,0.0
生熟地黄,9.0,9.0,0.0
刺蒺藜,120.0,15.0,105.0
乌犀,15.0,15.0,0.0
细黄芩,30.0,30.0,0.0
芒硝,1000.0,0.9,999.1
盐霜白梅,30.0,30.0,0.0
紫豆蔻,60.0,60.0,0.0
白附,27.0,15.0,12.0
松叶,1000.0,30.0,970.0
真漏芦,3.0,3.0,0.0
全蝎,450.0,1.2,448.8
软石膏,60.0,60.0,0.0
黄丹,500.0,3.0,497.0
孩儿茶,30.0,30.0,0.0
诃黎勒皮,15.0,15.0,0.0
代赭石,15.0,3.0,12.0
油松节,300.0,30.0,270.0
淮生地,30.0,30.0,0.0
天冬,50000.0,0.3,49999.7
苦葶苈,30.0,30.0,0.0
海带,30.0,30.0,0.0
真蜜,500.0,500.0,0.0
红曲,180.0,150.0,30.0
枸橘全个,4.5,4.5,0.0
白芨,15.0,15.0,0.0
雄黄,600.0,1.5,598.5
青陈皮,30.0,22.5,7.5
人中黄,60.0,60.0,0.0
生蟾酥,10.0,10.0,0.0
竹茹,3.0,3.0,0.0
羊胫骨灰,1.5,1.5,0.0
生虎骨,72.0,21.0,51.0
生甘草节,12.0,12.0,0.0
炒山栀,9.0,9.0,0.0
菥萁子,30.0,30.0,0.0
紫葛,22.5,22.5,0.0
天竺黄,300.0,6.0,294.0
干桑叶,15.0,7.5,7.5
蒲公英,120.0,3.0,117.0
羚羊角,60.0,0.6,59.4
当归梢,15.0,3.0,12.0
牡蛎,150.0,1.5,148.5
草蔻,30.0,30.0,0.0
土马钱子,60.0,60.0,0.0
川黄连,120.0,2.0,118.0
牛胶,30.0,15.0,15.0
景天,22.5,22.5,0.0
白杏仁,9.0,9.0,0.0
蜜炙黄芪,4.5,4.5,0.0
淡全蝎,6.0,6.0,0.0
制川乌,60.0,60.0,0.0
土朱,15.0,15.0,0.0
萝卜子,21.0,21.0,0.0
海桐皮,90.0,0.9,89.1
紫背干浮萍草,120.0,120.0,0.0
羊蹄根,60.0,60.0,0.0
川黄柏,30.0,6.0,24.0
生半夏,90.0,30.0,60.0
甘松香,75.0,30.0,45.0
蜈蚣,30.0,1.0,29.0
川白芷,9.0,9.0,0.0
生地黄汁,300.0,1.35,298.65
柏子仁,90.0,3.0,87.0
乱发,90.0,1.0,89.0
银柴胡,1.8,1.8,0.0
槟榔,150.0,1.5,148.5
珍珠,37.5,10.0,27.5
陈胆星,30.0,6.0,24.0
丹皮,120.0,2.4,117.6
石南藤,21.0,21.0,0.0
川独活,60.0,6.0,54.0
山萸肉,60.0,15.0,45.0
狗脊,300.0,7.5,292.5
钻地风,500.0,500.0,0.0
牡蛎粉,45.0,15.0,30.0
大生地,15.0,15.0,0.0
枯梗,5.0,3.0,2.0
干菊,7.5,7.5,0.0
广藿香,60.0,6.0,54.0
石胆,30.0,15.0,15.0
白姜,30.0,30.0,0.0
大红枣,4.0,4.0,0.0
诃黎勒,30.0,30.0,0.0
全当归,180.0,1.8,178.2
防己,90.0,0.9,89.1
薏苡仁,240.0,1.5,238.5
石榴皮,9.0,9.0,0.0
天台乌药,30.0,30.0,0.0
琥珀,1000.0,3.0,997.0
细辛叶,0.9,0.6,0.3
蕤仁,90.0,0.9,89.1
葱,2500.0,2500.0,0.0
明天麻,90.0,2.4,87.6
芫花,30.0,1.5,28.5
朱砂,120.0,1.5,118.5
赭石,90.0,90.0,0.0
五加皮,150.0,2.1,147.9
葳蕤,30.0,15.0,15.0
桃胶,22.5,22.5,0.0
蚤休,30.0,30.0,0.0
明鳔,6.0,6.0,0.0
五倍子,150.0,0.9,149.1
牛子,15.0,15.0,0.0
乌犀末,30.0,30.0,0.0
熟甘草,6.0,1.5,4.5
安息香,30.0,30.0,0.0
中桂,30.0,30.0,0.0
升麻,420.0,0.6,419.4
苍术,2500.0,0.9,2499.1
地龙,1200.0,3.0,1197.0
白蔹,90.0,3.0,87.0
食盐,30.0,30.0,0.0
北细辛,90.0,0.6,89.4
楮子,15.0,15.0,0.0
密蒙花,100.0,1.8,98.2
铅霜,22.5,15.0,7.5
好窑煤,25000.0,25000.0,0.0
藿香叶,60.0,6.0,54.0
板蓝根,3.0,3.0,0.0
肉豆蔻,30.0,7.5,22.5
廑虫,30.0,30.0,0.0
青葙子,12500.0,1.2,12498.8
生大黄,1000.0,4.5,995.5
草蔻仁,60.0,60.0,0.0
巴戟天,45.0,6.0,39.0
大豆黄卷,30.0,30.0,0.0
蒡子,3.0,3.0,0.0
枫子仁,9.0,9.0,0.0
三棱,60.0,3.0,57.0
桑花,30.0,30.0,0.0
于术,240.0,30.0,210.0
石燕,30.0,30.0,0.0
直僵蚕,7.5,6.0,1.5
干姜,90.0,0.3,89.7
鳖甲,30.0,15.0,15.0
生草乌,21.0,9.0,12.0
甘松,60.0,3.0,57.0
石楠叶,60.0,60.0,0.0
羚羊角末,45.0,45.0,0.0
蛤蚧,1.0,1.0,0.0
白蒺藜,4500.0,3.0,4497.0
腻粉,0.9,0.9,0.0
鹿角屑,60.0,60.0,0.0
嫩白上好松香,30000.0,30000.0,0.0
大附子,60.0,1.0,59.0
蚕纸,1.0,1.0,0.0
山萸,45.0,45.0,0.0
沙苑蒺藜,60.0,15.0,45.0
木贼,360.0,3.0,357.0
桑白皮,90.0,3.0,87.0
鬼馒头,120.0,120.0,0.0
风藤,90.0,3.0,87.0
胡麻仁,60.0,9.0,51.0
酒知母,15.0,4.5,10.5
石南,60.0,30.0,30.0
党参,12.0,4.5,7.5
龙胆,60.0,9.0,51.0
犀角,60.0,0.9,59.1
免肝,3.0,3.0,0.0
犀角黄芩,60.0,60.0,0.0
茅山苍术,180.0,60.0,120.0
芜蔚子,3.0,3.0,0.0
柏叶,500.0,60.0,440.0
鲜蒌,180.0,180.0,0.0
牛胆南星,30.0,7.5,22.5
海藻,90.0,30.0,60.0
香附米,18.0,18.0,0.0
皂荚,500.0,1.5,498.5
蔺草,30.0,30.0,0.0
夜明砂,1000.0,9.0,991.0
白芥子,60.0,2.4,57.6
紫地丁,60.0,60.0,0.0
延胡索,30.0,15.0,15.0
神曲,250.0,1.5,248.5
酒蒸大黄,3.0,3.0,0.0
葱白,16.0,2.0,14.0
菊花,45000.0,1.0,44999.0
丁皮,15.0,15.0,0.0
破故纸,60.0,60.0,0.0
卷柏,45.0,12.0,33.0
硼砂,15.0,15.0,0.0
大川乌,90.0,15.0,75.0
绵黄芪,30.0,15.0,15.0
生赤首乌,4.5,4.5,0.0
米珠,3.0,3.0,0.0
恶实,30.0,30.0,0.0
软秦艽,6.0,6.0,0.0
连翘,2250.0,0.3,2249.7
料豆西琥珀,60.0,60.0,0.0
制南星,9.0,9.0,0.0
马勃,3.0,3.0,0.0
忍冬藤,120.0,120.0,0.0
天麻459,60.0,60.0,0.0
铁粉,60.0,6.0,54.0
明雄,9.0,9.0,0.0
瓜蒌,30.0,6.0,24.0
羊肝,200.0,200.0,0.0
半夏曲,30.0,15.0,15.0
羊桃根,90.0,90.0,0.0
凌霄花,30.0,15.0,15.0
川草乌,30.0,30.0,0.0
益智仁,1.5,0.6,0.9
苡仁,30.0,3.0,27.0
华细辛,60.0,6.0,54.0
羌活,2250.0,0.9,2249.1
建曲,300.0,120.0,180.0
清酒,30,0.0,30.0
蜡,60.0,15.0,45.0
西秦艽,60.0,60.0,0.0
大风子仁,125.0,125.0,0.0
小胡麻,620.0,120.0,500.0
鹤虱草,90.0,1.5,88.5
菖蒲,60.0,15.0,45.0
甘菊花,150.0,0.9,149.1
木兰皮,75.0,75.0,0.0
儿茶,15.0,6.0,9.0
陈皮,5000.0,0.6,4999.4
玉米仁,15.0,15.0,0.0
麻油,4000.0,6.0,3994.0
铁精,30.0,30.0,0.0
沉香,300.0,1.8,298.2
天仙藤,15.0,15.0,0.0
犀牛角,6.0,6.0,0.0
花椒,125.0,0.3,124.7
泽兰,60.0,30.0,30.0
紫河车,2.1,2.1,0.0
汉防己,60.0,1.8,58.2
蝎梢,30.0,3.0,27.0
海螵蛸,90.0,90.0,0.0
麦芽,450.0,6.0,444.0
乌梢蛇头,30.0,30.0,0.0
小青皮,15.0,15.0,0.0
盐,120.0,15.0,105.0
乌头,90.0,0.9,89.1
山甲,30.0,30.0,0.0
草乌,120.0,3.0,117.0
姜汁,300.0,300.0,0.0
贝母,90.0,1.5,88.5
干山药,30.0,6.0,24.0
三柰子,15.0,15.0,0.0
川芎,12500.0,0.9,12499.1
蜗牛,7.0,7.0,0.0
麻黄节,15.0,9.0,6.0
毛陈皮,1200.0,1200.0,0.0
白粉葛,24.0,3.0,21.0
蚕沙,12.0,12.0,0.0
海风藤,250.0,9.0,241.0
油肉桂,6.0,6.0,0.0
银消,6.0,6.0,0.0
枣仁,30.0,3.0,27.0
黑脂麻,150.0,150.0,0.0
蝎尾,15.0,15.0,0.0
红胡麻,12.0,12.0,0.0
槐枝,90.0,60.0,30.0
茵陈叶,30.0,30.0,0.0
大豆,50.0,15.0,35.0
荆芥,1500.0,0.75,1499.25
真蚌粉,9.0,9.0,0.0
功劳叶,30.0,18.0,12.0
鲜竹茹,120.0,120.0,0.0
猪椒根,60.0,60.0,0.0
片术,3.0,3.0,0.0
熟地黄,75000.0,0.9,74999.1
甘菊,120.0,3.0,117.0
刺猬皮,15.0,15.0,0.0
炙黄芪,30.0,30.0,0.0
禹白附,60.0,1.5,58.5
细芽茶,30.0,30.0,0.0
阿胶,90.0,3.0,87.0
大甘草,12.0,12.0,0.0
桑螵蛸,90.0,3.0,87.0
川杜仲,60.0,60.0,0.0
浮萍草,6.0,6.0,0.0
八珍汤,24.0,24.0,0.0
蜜蒙花,30.0,3.0,27.0
白薇,45.0,3.0,42.0
胡麻,500.0,1.8,498.2
山川柳,9.0,9.0,0.0
生姜218,15.0,15.0,0.0
葛粉,21.0,21.0,0.0
雷丸,90.0,90.0,0.0
辰茯神,45.0,45.0,0.0
白龙骨,75.0,75.0,0.0
犀角屑,30.0,15.0,15.0
蛤粉,30.0,4.0,26.0
干熟地,500.0,500.0,0.0
桑树上络藤,30.0,30.0,0.0
干蟾,1.0,1.0,0.0
白槟榔,30.0,30.0,0.0
犀角片,6.0,6.0,0.0
虎骨胫,15.0,15.0,0.0
苏叶嫩枝,4.5,4.5,0.0
虎骨胶,60.0,60.0,0.0
猪牙皂,75.0,9.0,66.0
寒水石,750.0,1.5,748.5
豆黄卷,30.0,30.0,0.0
乳没,30.0,30.0,0.0
赤苓,9.0,9.0,0.0
酒黄芩,15.0,3.0,12.0
锡蔺脂,30.0,30.0,0.0
皂刺,30.0,1.8,28.2
纬丹,330.0,330.0,0.0
远志,60.0,3.0,57.0
白苍术,30.0,30.0,0.0
江鳔,9.0,9.0,0.0
上肉桂,60.0,15.0,45.0
土茯苓,660.0,4.5,655.5
山柰,30.0,9.0,21.0
山羊血,60.0,60.0,0.0
真蕲蛇,120.0,120.0,0.0
真川芎,1.2,1.2,0.0
蛇床子,125.0,1.5,123.5
甲香,37.5,37.5,0.0
巴豆霜,17.0,6.0,11.0
紫背浮萍,60.0,60.0,0.0
杜蒺藜,2500.0,15.0,2485.0
地黄,1000.0,2.4,997.6
土瓜根,90.0,90.0,0.0
南星,350.0,0.3,349.7
大茴香,90.0,90.0,0.0
南星曲,2.5,2.5,0.0
兰香,1.5,1.5,0.0
苍耳草叶,60.0,60.0,0.0
枫子肉,90.0,90.0,0.0
天南星大者,1.0,1.0,0.0
乌梅,30.0,1.0,29.0
赤小豆附子,60.0,60.0,0.0
白蔻仁,60.0,60.0,0.0
明矾,90.0,0.09,89.91
桔梗,3000.0,0.3,2999.7
炙僵蚕,6.0,6.0,0.0
石膏.,5.0,5.0,0.0
乌贼鱼骨,45.0,45.0,0.0
鲜紫苏,240.0,240.0,0.0
乌梢蛇肉,90.0,3.0,87.0
胡椒,9.0,6.0,3.0
粉丹皮,45.0,6.0,39.0
甘枸杞子,60.0,60.0,0.0
厚朴,120.0,1.5,118.5
川芎2.48,3.0,3.0,0.0
大风子霜,300.0,300.0,0.0
红娘,12.0,12.0,0.0
风化消,30.0,9.0,21.0
鲜白凤仙,120.0,120.0,0.0
土贝,9.0,9.0,0.0
巴戟肉,90.0,90.0,0.0
莱菔子,6.0,6.0,0.0
高良姜,15.0,3.0,12.0
川升麻,30.0,2.4,27.6
陈茶,10000.0,10000.0,0.0
玄明粉,15.0,15.0,0.0
炒白术,250.0,9.0,241.0
夏,9.0,9.0,0.0
广术,3.0,3.0,0.0
生姜,2500.0,1.5,2498.5
赤茯神,15.0,15.0,0.0
苏合油,120.0,120.0,0.0
黄松节,30.0,30.0,0.0
羊角天麻,15.0,15.0,0.0
乌犀角屑,30.0,15.0,15.0
干蝎,40.0,7.5,32.5
血余,60.0,9.0,51.0
宣木瓜,60.0,9.0,51.0
余粮石,9.0,9.0,0.0
知母,125.0,0.6,124.4
苍白术,60.0,60.0,0.0
侧柏叶,100.0,100.0,0.0
干木瓜,30.0,30.0,0.0
木瓜,120.0,1.5,118.5
双勾藤,210.0,210.0,0.0
槐荚子,60.0,60.0,0.0
生地,3000.0,1.5,2998.5
枸杞子,12500.0,3.0,12497.0
黑参,90.0,3.0,87.0
生甘草梢,3.0,3.0,0.0
蓖麻叶,60.0,60.0,0.0
白花蛇头,1.0,1.0,0.0
公英,12.0,9.0,3.0
皂荚针,90.0,3.0,87.0
青羊胆,1.0,1.0,0.0
紫胡,24.0,24.0,0.0
黄牛胆,6.0,6.0,0.0
泽泻片,150.0,150.0,0.0
生南星,120.0,30.0,90.0
枳实,300.0,0.9,299.1
熟石膏,3.0,3.0,0.0
小麦,15.0,5.0,10.0
干全蝎,15.0,15.0,0.0
萎蕤,90.0,15.0,75.0
鲜牛蒡,240.0,240.0,0.0
郁金,30.0,6.0,24.0
干漆,30.0,15.0,15.0
红花,240.0,0.3,239.7
细辛O.,9.0,9.0,0.0
千姜,3.0,3.0,0.0
瞿麦,90.0,1.2,88.8
枫香,30.0,30.0,0.0
诃子,15.0,15.0,0.0
槐皮,49.0,49.0,0.0
羊心,1.0,1.0,0.0
浙苓皮,9.0,9.0,0.0
蒲黄,60.0,4.5,55.5
焦栀子,15.0,15.0,0.0
郁李仁,150.0,3.0,147.0
细茶,45.0,7.5,37.5
明乳香,1.5,1.5,0.0
熟大黄,1000.0,2.0,998.0
土蒺藜,15.0,15.0,0.0
淮牛膝,3.0,3.0,0.0
真水安息,120.0,120.0,0.0
术通,2.4,2.4,0.0
良姜,60.0,1.5,58.5
螺青,30.0,30.0,0.0
制附片,30.0,30.0,0.0
京墨,15.0,15.0,0.0
肥皂核,15.0,15.0,0.0
当参,45.0,45.0,0.0
山栀子仁,60.0,3.0,57.0
樱皮,4.5,4.5,0.0
